Layer,Name,GEOID,Longitude,Latitude,TRF_2023
,,,,,"Traffic intensity (distance-weighted vehicles), 2023"
Census tract,Tract 101,17031010100,-87.66983010,42.02125530,282.50315795470334
Census tract,Tract 102.01,17031010201,-87.68014840,42.01600770,206.77472158813947
Census tract,Tract 102.02,17031010202,-87.67332560,42.01604760,133.06153649819476
Census tract,Tract 103,17031010300,-87.66653930,42.01594310,257.2054048028707
Census tract,Tract 104,17031010400,-87.65881570,42.00641090,444.07620325310097
Census tract,Tract 105.01,17031010501,-87.66395830,42.00941190,370.4088821418925
Census tract,Tract 105.02,17031010502,-87.66332730,42.00451730,347.2538367386211
Census tract,Tract 105.03,17031010503,-87.66312620,42.00032070,337.4118345976608
Census tract,Tract 106,17031010600,-87.66768300,42.00627740,89.14796553319519
Census tract,Tract 107.01,17031010701,-87.67862040,42.00914820,275.6500229427988
Census tract,Tract 107.02,17031010702,-87.67272570,42.00901990,153.78650680332913
Census tract,Tract 201,17031020100,-87.68711690,42.01572100,367.1936462189672
Census tract,Tract 202,17031020200,-87.69951910,42.01569030,120.82255795305836
Census tract,Tract 203.01,17031020301,-87.70518650,42.00686510,140.24938615938984
Census tract,Tract 203.02,17031020302,-87.69496340,42.00854060,171.4921345104511
Census tract,Tract 204,17031020400,-87.68591180,42.00848800,268.5359579795265
Census tract,Tract 205,17031020500,-87.68419820,42.00131290,217.1546211692984
Census tract,Tract 206.01,17031020601,-87.70180250,42.00087460,131.87866823048813
Census tract,Tract 206.02,17031020602,-87.69363730,42.00131560,244.9104815573788
Census tract,Tract 207.01,17031020701,-87.70368970,41.98689150,315.2032610645024
Census tract,Tract 207.02,17031020702,-87.70489390,41.99412560,314.16801354626153
Census tract,Tract 208.01,17031020801,-87.69441490,41.98680810,340.1907587613845
Census tract,Tract 208.02,17031020802,-87.69463060,41.99405920,275.2563253937185
Census tract,Tract 209.01,17031020901,-87.68547360,41.99439220,279.08045871650137
Census tract,Tract 209.02,17031020902,-87.67868410,41.99425850,303.03544865768714
Census tract,Tract 301.01,17031030101,-87.65487900,41.99105380,363.3064132165446
Census tract,Tract 301.02,17031030102,-87.65502250,41.99302640,384.5862753607177
Census tract,Tract 301.03,17031030103,-87.65515270,41.99552410,535.7377155537073
Census tract,Tract 301.04,17031030104,-87.65598640,41.99727730,596.5420154467765
Census tract,Tract 302,17031030200,-87.66523000,41.99444140,267.762104357313
Census tract,Tract 303,17031030300,-87.67253480,41.99438750,514.0363837519695
Census tract,Tract 304,17031030400,-87.67207880,41.98695150,570.6585659259144
Census tract,Tract 305,17031030500,-87.66493590,41.98722600,571.8114969940159
Census tract,Tract 306.01,17031030601,-87.65460870,41.98897160,380.00484695365935
Census tract,Tract 306.03,17031030603,-87.65839790,41.98547620,983.949462822396
Census tract,Tract 306.04,17031030604,-87.65245460,41.98587070,1124.342973040781
Census tract,Tract 307.01,17031030701,-87.65796590,41.98274530,1159.372025
Census tract,Tract 307.02,17031030702,-87.65452860,41.98081480,1343.2297304262293
Census tract,Tract 307.03,17031030703,-87.65787080,41.97887490,638.8521441403252
Census tract,Tract 307.06,17031030706,-87.65091550,41.98041510,988.8869710992842
Census tract,Tract 308,17031030800,-87.66418800,41.97991230,287.9315208905929
Census tract,Tract 309,17031030900,-87.67144540,41.97979510,227.21770805176152
Census tract,Tract 310,17031031000,-87.67110940,41.97243700,316.7116326689504
Census tract,Tract 311,17031031100,-87.66386620,41.97266840,227.7804388052228
Census tract,Tract 312,17031031200,-87.65734100,41.97270920,253.9205416868436
Census tract,Tract 313,17031031300,-87.64652980,41.97376460,970.5001205751304
Census tract,Tract 314,17031031400,-87.64240950,41.95844750,918.7270063528824
Census tract,Tract 315.01,17031031501,-87.65243430,41.96728860,539.4675272252755
Census tract,Tract 315.02,17031031502,-87.65236560,41.96363260,227.2074794002122
Census tract,Tract 317,17031031700,-87.66319540,41.96544660,106.15633685404352
Census tract,Tract 318,17031031800,-87.67062090,41.96701140,249.1528723
Census tract,Tract 319,17031031900,-87.67018410,41.96337400,145.11268765146707
Census tract,Tract 321,17031032100,-87.65301790,41.95815380,294.24783777440007
Census tract,Tract 401,17031040100,-87.68288560,41.98562230,142.83291187884765
Census tract,Tract 402.01,17031040201,-87.69400050,41.97258040,282.70642187097377
Census tract,Tract 402.02,17031040202,-87.69409600,41.97985490,292.170427628669
Census tract,Tract 403,17031040300,-87.70198320,41.97694370,99.26465777105872
Census tract,Tract 404.01,17031040401,-87.68608160,41.97206670,293.71074763039314
Census tract,Tract 404.02,17031040402,-87.67881810,41.97254500,99.71561547696798
Census tract,Tract 406,17031040600,-87.68401800,41.96683380,223.99886054687744
Census tract,Tract 407,17031040700,-87.69406820,41.96743140,280.7681914267951
Census tract,Tract 408,17031040800,-87.69182130,41.96397400,133.868206443857
Census tract,Tract 409,17031040900,-87.68385440,41.96318470,92.78722433831312
Census tract,Tract 501,17031050100,-87.67637300,41.95784510,135.99091612687695
Census tract,Tract 502,17031050200,-87.68371680,41.95774050,216.5179683244679
Census tract,Tract 503,17031050300,-87.69044420,41.95788510,300.8357099412205
Census tract,Tract 505,17031050500,-87.68350730,41.95044740,239.6930553273364
Census tract,Tract 506,17031050600,-87.67618240,41.95054770,150.2862568452886
Census tract,Tract 507,17031050700,-87.67605950,41.94507100,30.75445714
Census tract,Tract 508,17031050800,-87.68092790,41.94500950,47.60103264
Census tract,Tract 509,17031050900,-87.68577800,41.94494660,338.3632725
Census tract,Tract 510,17031051000,-87.68573170,41.94130240,460.2660202
Census tract,Tract 511,17031051100,-87.68082660,41.94136520,118.1082457
Census tract,Tract 512,17031051200,-87.67595360,41.94142240,100.12280454875396
Census tract,Tract 513,17031051300,-87.67583950,41.93599710,66.0833983954902
Census tract,Tract 514,17031051400,-87.68095940,41.93544200,83.9777598991814
Census tract,Tract 601,17031060100,-87.66661120,41.95753110,277.2448496026855
Census tract,Tract 602,17031060200,-87.67151750,41.95790360,337.7569977193255
Census tract,Tract 603,17031060300,-87.67133270,41.95060490,377.06408300286085
Census tract,Tract 604,17031060400,-87.66653640,41.95067310,329.0732192553788
Census tract,Tract 605,17031060500,-87.66050080,41.95272000,109.6740189
Census tract,Tract 608,17031060800,-87.64264890,41.95395900,2074.1649166793204
Census tract,Tract 609,17031060900,-87.64177840,41.95151660,1636.8033782734235
Census tract,Tract 610,17031061000,-87.65197030,41.94922060,127.64102
Census tract,Tract 611,17031061100,-87.65680350,41.94913980,33.02571818
Census tract,Tract 612,17031061200,-87.66164270,41.94905990,40.75172631
Census tract,Tract 615,17031061500,-87.66154470,41.94528180,33.96380234
Census tract,Tract 618,17031061800,-87.64711470,41.94649010,576.256864
Census tract,Tract 619.01,17031061901,-87.64346790,41.94323050,1083.6632357412411
Census tract,Tract 619.02,17031061902,-87.63906450,41.94669850,2371.006399867524
Census tract,Tract 620,17031062000,-87.64707860,41.94257690,187.1006452769257
Census tract,Tract 621,17031062100,-87.65177040,41.94269140,138.17241126194395
Census tract,Tract 622,17031062200,-87.65664400,41.94258470,73.21096501644881
Census tract,Tract 623,17031062300,-87.66144320,41.94162780,96.75977348
Census tract,Tract 624,17031062400,-87.66628820,41.94155560,275.9578089
Census tract,Tract 625,17031062500,-87.67110730,41.94148800,320.6789348
Census tract,Tract 626,17031062600,-87.67098430,41.93597510,269.5088367
Census tract,Tract 627,17031062700,-87.66611030,41.93608620,307.2684648869036
Census tract,Tract 628,17031062800,-87.66126480,41.93615860,75.44152221792781
Census tract,Tract 629,17031062900,-87.65641130,41.93623700,64.29209683795393
Census tract,Tract 630,17031063000,-87.65156170,41.93631020,120.93357223254608
Census tract,Tract 631,17031063100,-87.64677990,41.93823190,181.34196593333328
Census tract,Tract 632,17031063200,-87.63467260,41.93892310,1094.1871158516956
Census tract,Tract 633.01,17031063301,-87.64302390,41.93454070,16.780771556452525
Census tract,Tract 633.02,17031063302,-87.63985400,41.93476470,364.7527858808608
Census tract,Tract 633.03,17031063303,-87.63466130,41.93473120,672.7286685023548
Census tract,Tract 634,17031063400,-87.64673000,41.93465960,68.01383292369053
Census tract,Tract 701.01,17031070101,-87.63232470,41.92952250,87.92659923338766
Census tract,Tract 701.02,17031070102,-87.64220200,41.93058280,28.05674422646099
Census tract,Tract 701.03,17031070103,-87.64260510,41.92681100,174.5950415801626
Census tract,Tract 702,17031070200,-87.64629300,41.92907770,143.76653824058573
Census tract,Tract 703,17031070300,-87.65131030,41.92904620,143.08188874411127
Census tract,Tract 704,17031070400,-87.65615630,41.92896720,44.40284501126769
Census tract,Tract 705,17031070500,-87.66089220,41.92894550,65.66652624531005
Census tract,Tract 706,17031070600,-87.66567660,41.92876270,289.81247620234853
Census tract,Tract 707,17031070700,-87.67410380,41.93065210,297.00619534963505
Census tract,Tract 710,17031071000,-87.65591140,41.92170110,76.32382015910032
Census tract,Tract 711,17031071100,-87.65106140,41.92177780,143.4544389088774
Census tract,Tract 712,17031071200,-87.64621060,41.92185470,262.4758933683148
Census tract,Tract 713,17031071300,-87.64145780,41.92177940,76.21554354932957
Census tract,Tract 714,17031071400,-87.62952590,41.92272550,201.65454944607217
Census tract,Tract 715,17031071500,-87.62509230,41.91424150,207.935080209731
Census tract,Tract 716,17031071600,-87.64118230,41.91647220,30.42248127
Census tract,Tract 717,17031071700,-87.64107170,41.91286660,164.7848694604458
Census tract,Tract 718,17031071800,-87.64596600,41.91458550,203.50081036266965
Census tract,Tract 801,17031080100,-87.62679000,41.90754870,3144.6214431537246
Census tract,Tract 802.01,17031080201,-87.63100510,41.90949760,941.6754459088592
Census tract,Tract 802.02,17031080202,-87.63090100,41.90585890,710.991294104781
Census tract,Tract 803,17031080300,-87.63579870,41.90748990,230.483292365721
Census tract,Tract 804,17031080400,-87.64090150,41.90741230,153.19686128384768
Census tract,Tract 810,17031081000,-87.63210890,41.90026550,338.117106539458
Census tract,Tract 811,17031081100,-87.62910490,41.90022110,532.2363218792931
Census tract,Tract 812.01,17031081201,-87.62621200,41.89915380,661.4442171480118
Census tract,Tract 812.02,17031081202,-87.62423740,41.90437690,1531.0853279547216
Census tract,Tract 813,17031081300,-87.62075310,41.89833540,1870.1812138397115
Census tract,Tract 814.01,17031081401,-87.61971750,41.89503470,3102.904304167464
Census tract,Tract 814.02,17031081402,-87.61293100,41.89102150,2947.381091639535
Census tract,Tract 814.03,17031081403,-87.62095600,41.89299080,1931.007656936808
Census tract,Tract 815,17031081500,-87.62607870,41.89290640,1068.004024962346
Census tract,Tract 816,17031081600,-87.62887080,41.89205720,932.5159017761998
Census tract,Tract 817,17031081700,-87.63183160,41.89221850,832.3219451957556
Census tract,Tract 818,17031081800,-87.63918950,41.89332430,1003.52173458973
Census tract,Tract 819,17031081900,-87.64148700,41.89799000,514.0836628
Census tract,Tract 901,17031090100,-87.81358720,42.01525520,281.15128349336965
Census tract,Tract 902,17031090200,-87.81309610,42.00559400,235.0099270312405
Census tract,Tract 903,17031090300,-87.81636440,41.99911270,148.8454545
Census tract,Tract 1001,17031100100,-87.78301360,41.98958400,240.0377028802185
Census tract,Tract 1002,17031100200,-87.79425890,41.99577340,203.63084109899916
Census tract,Tract 1003,17031100300,-87.80425970,41.98873300,510.0112460447057
Census tract,Tract 1004,17031100400,-87.81804110,41.98896870,438.1226686464109
Census tract,Tract 1005,17031100500,-87.81973140,41.97804530,506.8448643187573
Census tract,Tract 1006,17031100600,-87.79740070,41.97920490,677.3507952444354
Census tract,Tract 1007,17031100700,-87.79762950,41.97212350,289.4034659288766
Census tract,Tract 1101,17031110100,-87.76967290,41.98747560,149.04254251835127
Census tract,Tract 1102,17031110200,-87.77344420,41.98006990,436.71601288261184
Census tract,Tract 1103,17031110300,-87.78323490,41.97529070,453.1983879775617
Census tract,Tract 1104,17031110400,-87.77261140,41.97295360,671.9751274718708
Census tract,Tract 1105.01,17031110501,-87.76192490,41.97700230,351.4137341703761
Census tract,Tract 1105.02,17031110502,-87.75985230,41.97028650,813.0608675181678
Census tract,Tract 1201,17031120100,-87.77500650,42.00198170,231.4596363046797
Census tract,Tract 1202,17031120200,-87.75761080,41.99453190,546.391752071904
Census tract,Tract 1203,17031120300,-87.74006600,41.99111220,338.47184046614166
Census tract,Tract 1204,17031120400,-87.75216240,41.97723540,1017.4247122127056
Census tract,Tract 1301,17031130100,-87.72080890,41.99110400,393.51846858186366
Census tract,Tract 1302,17031130200,-87.73757330,41.98183780,122.5949441
Census tract,Tract 1303,17031130300,-87.71339150,41.98655890,118.1993412215542
Census tract,Tract 1401,17031140100,-87.70580500,41.97120140,190.57602808267896
Census tract,Tract 1402,17031140200,-87.71300430,41.97069490,249.0863676050737
Census tract,Tract 1403.01,17031140301,-87.72316950,41.96920550,371.1471147031192
Census tract,Tract 1403.02,17031140302,-87.72375610,41.97249380,224.0283028435764
Census tract,Tract 1404,17031140400,-87.73894290,41.97153710,358.00256494946944
Census tract,Tract 1405,17031140500,-87.73183190,41.96536190,227.9322891676616
Census tract,Tract 1406.01,17031140601,-87.72589090,41.96464710,305.4738573
Census tract,Tract 1406.02,17031140602,-87.72101660,41.96465200,105.23167025949212
Census tract,Tract 1407.01,17031140701,-87.71265240,41.96703750,261.86529142564655
Census tract,Tract 1407.02,17031140702,-87.71357530,41.96354820,73.84159321551398
Census tract,Tract 1408,17031140800,-87.70284690,41.96451440,132.55842709558124
Census tract,Tract 1502,17031150200,-87.75241310,41.96067470,646.5594468894536
Census tract,Tract 1503,17031150300,-87.76228590,41.96051790,147.02069482405616
Census tract,Tract 1504.01,17031150401,-87.77226480,41.96456760,137.29748477330267
Census tract,Tract 1504.02,17031150402,-87.77204360,41.95679790,146.54933702868965
Census tract,Tract 1505.01,17031150501,-87.78196390,41.96447620,125.32351562097568
Census tract,Tract 1505.02,17031150502,-87.78184140,41.95677840,169.94931368398204
Census tract,Tract 1506,17031150600,-87.77175780,41.94947310,200.46127234920647
Census tract,Tract 1507,17031150700,-87.76195800,41.94959150,196.25097034133208
Census tract,Tract 1508,17031150800,-87.75211820,41.94970860,261.74514526429124
Census tract,Tract 1510.01,17031151001,-87.75435270,41.94238260,53.71059828771621
Census tract,Tract 1510.02,17031151002,-87.74715540,41.94249170,342.0783805090889
Census tract,Tract 1511,17031151100,-87.76171750,41.94229030,139.04046054586772
Census tract,Tract 1512,17031151200,-87.77149530,41.94216900,130.01015646752833
Census tract,Tract 1601,17031160100,-87.74279560,41.96462820,1519.060079628478
Census tract,Tract 1602,17031160200,-87.73839810,41.95879310,2536.97178554388
Census tract,Tract 1603,17031160300,-87.73089580,41.95726810,1775.4261258762003
Census tract,Tract 1604,17031160400,-87.72282380,41.95736570,423.874525650923
Census tract,Tract 1605.01,17031160501,-87.71297320,41.95920980,59.32281032140697
Census tract,Tract 1605.02,17031160502,-87.71308760,41.95558410,278.6797446750909
Census tract,Tract 1606.01,17031160601,-87.70329360,41.95939800,62.02767745837278
Census tract,Tract 1606.02,17031160602,-87.70046350,41.95668140,311.3360211807813
Census tract,Tract 1607,17031160700,-87.70213470,41.95121770,215.0938790684669
Census tract,Tract 1608,17031160800,-87.71281460,41.95021310,446.451893059756
Census tract,Tract 1609,17031160900,-87.72260820,41.95008210,3454.031609767635
Census tract,Tract 1610,17031161000,-87.73068290,41.94997660,1940.0828649257503
Census tract,Tract 1611,17031161100,-87.73815500,41.94988000,484.5196635
Census tract,Tract 1612,17031161200,-87.73857010,41.94254890,72.37326800501774
Census tract,Tract 1613,17031161300,-87.73100230,41.94269940,252.99341440030773
Census tract,Tract 1701,17031170100,-87.79481680,41.95585960,161.5259531
Census tract,Tract 1702,17031170200,-87.78151880,41.94935280,105.19640184395593
Census tract,Tract 1703,17031170300,-87.79682780,41.94912480,254.18516166073613
Census tract,Tract 1704,17031170400,-87.81271070,41.94890810,228.6141386967206
Census tract,Tract 1705,17031170500,-87.82889570,41.95007790,242.5487970064447
Census tract,Tract 1706,17031170600,-87.83070160,41.94129430,257.06473134280674
Census tract,Tract 1707,17031170700,-87.82216400,41.94148660,139.9808198551695
Census tract,Tract 1708,17031170800,-87.81237130,41.94157610,219.79251973672544
Census tract,Tract 1709,17031170900,-87.81160570,41.93619580,306.1953899
Census tract,Tract 1710,17031171000,-87.79652380,41.94180720,137.69851948529333
Census tract,Tract 1711,17031171100,-87.78128650,41.94205280,85.94070649620778
Census tract,Tract 1801,17031180100,-87.79863170,41.93448510,131.40002089640925
Census tract,Tract 1901,17031190100,-87.74438890,41.93521760,346.7155528
Census tract,Tract 1902,17031190200,-87.75164890,41.93511360,167.896048786235
Census tract,Tract 1903,17031190300,-87.76146350,41.93498640,128.23548665772043
Census tract,Tract 1904.01,17031190401,-87.78095240,41.93472760,73.89814409982195
Census tract,Tract 1904.02,17031190402,-87.77123180,41.93485960,123.09058686210048
Census tract,Tract 1906.01,17031190601,-87.78046060,41.92741460,59.80925004492926
Census tract,Tract 1906.02,17031190602,-87.77073710,41.92756040,162.8319638098773
Census tract,Tract 1907.01,17031190701,-87.76142170,41.92979590,107.4700956244482
Census tract,Tract 1907.02,17031190702,-87.76103950,41.92616310,236.32903502494344
Census tract,Tract 1908,17031190800,-87.75136240,41.92781860,175.3743104249817
Census tract,Tract 1909,17031190900,-87.74410480,41.92792250,344.1482945
Census tract,Tract 1910,17031191000,-87.74380100,41.91922970,306.63003698418663
Census tract,Tract 1911,17031191100,-87.75097630,41.91962930,179.73861273522635
Census tract,Tract 1912,17031191200,-87.76082690,41.92014320,92.15525167775328
Census tract,Tract 1913.01,17031191301,-87.78026550,41.92015220,139.5930465512524
Census tract,Tract 1913.02,17031191302,-87.77053340,41.92022890,208.9654281865587
Census tract,Tract 2001,17031200100,-87.73762260,41.93505520,59.99618092399952
Census tract,Tract 2002,17031200200,-87.73562820,41.92785230,114.53730052597056
Census tract,Tract 2003,17031200300,-87.73412640,41.92348060,297.10047671612904
Census tract,Tract 2004.01,17031200401,-87.73754190,41.91982850,47.79060749229762
Census tract,Tract 2004.02,17031200402,-87.72967890,41.91963480,161.72831355803913
Census tract,Tract 2101,17031210100,-87.70054420,41.94465710,1156.7339201845302
Census tract,Tract 2104,17031210400,-87.73030570,41.93574500,239.6150745706044
Census tract,Tract 2105.01,17031210501,-87.72233010,41.93740130,346.60219146047825
Census tract,Tract 2105.02,17031210502,-87.72205240,41.93378460,108.9638343333691
Census tract,Tract 2106.01,17031210601,-87.71221400,41.93763560,2224.266273112624
Census tract,Tract 2106.02,17031210602,-87.71257200,41.93416300,121.90154368369332
Census tract,Tract 2107,17031210700,-87.70384010,41.93570290,4652.176326788072
Census tract,Tract 2108,17031210800,-87.69893340,41.93574550,3894.703669
Census tract,Tract 2109,17031210900,-87.69311820,41.93483720,1336.0817729684543
Census tract,Tract 2203,17031220300,-87.69508630,41.92846470,1642.7252785425464
Census tract,Tract 2204,17031220400,-87.69996840,41.92843140,744.0646118464518
Census tract,Tract 2205,17031220500,-87.70498770,41.92833430,350.4432567413304
Census tract,Tract 2206.01,17031220601,-87.71288360,41.92582520,240.048415849052
Census tract,Tract 2206.02,17031220602,-87.71208600,41.92939600,76.2018981097765
Census tract,Tract 2207.01,17031220701,-87.72156510,41.92615540,220.9382549003082
Census tract,Tract 2207.02,17031220702,-87.72423130,41.92936870,125.88511877583906
Census tract,Tract 2209.01,17031220901,-87.72124830,41.91918160,66.92405465601792
Census tract,Tract 2209.02,17031220902,-87.72183570,41.92271120,224.7874109131464
Census tract,Tract 2210,17031221000,-87.71525260,41.92096040,76.5443402514967
Census tract,Tract 2211,17031221100,-87.71036090,41.92102050,135.5015256611464
Census tract,Tract 2212,17031221200,-87.70464990,41.92108310,180.05007257298575
Census tract,Tract 2213,17031221300,-87.69975410,41.92112560,130.3062075883475
Census tract,Tract 2214,17031221400,-87.69453200,41.92080130,145.73398227282422
Census tract,Tract 2215,17031221500,-87.68995130,41.92164680,785.5937350609488
Census tract,Tract 2216,17031221600,-87.68509710,41.92124780,1417.5930584083571
Census tract,Tract 2222,17031222200,-87.68382620,41.91590950,273.6408637716141
Census tract,Tract 2225,17031222500,-87.69958740,41.91568250,27.69269797
Census tract,Tract 2226,17031222600,-87.70447980,41.91563880,103.5749412
Census tract,Tract 2227,17031222700,-87.71020580,41.91550090,74.83521837730545
Census tract,Tract 2228,17031222800,-87.71509530,41.91543490,28.83465946
Census tract,Tract 2229,17031222900,-87.72007440,41.91556440,37.81191293
Census tract,Tract 2301,17031230100,-87.70436550,41.91200800,257.1674702
Census tract,Tract 2302,17031230200,-87.71008440,41.91186880,232.7895135
Census tract,Tract 2303,17031230300,-87.71498840,41.91178660,112.6814568
Census tract,Tract 2304,17031230400,-87.72155190,41.91182020,264.72829925194634
Census tract,Tract 2305,17031230500,-87.73394340,41.91168920,313.92239143059373
Census tract,Tract 2306,17031230600,-87.73399860,41.90615500,160.91119604990465
Census tract,Tract 2307,17031230700,-87.72153970,41.90632290,193.9170375387021
Census tract,Tract 2308,17031230800,-87.71495300,41.90583960,98.63025376
Census tract,Tract 2309,17031230900,-87.71035050,41.90669180,159.2358706860706
Census tract,Tract 2311,17031231100,-87.71506840,41.89925420,59.96143506
Census tract,Tract 2312,17031231200,-87.72131530,41.89906140,109.16949080878152
Census tract,Tract 2315,17031231500,-87.71865250,41.89173570,99.65060695005128
Census tract,Tract 2402,17031240200,-87.67018160,41.91244170,2580.461743
Census tract,Tract 2403,17031240300,-87.67506770,41.91236930,236.2247363
Census tract,Tract 2405,17031240500,-87.68362670,41.91196830,385.9467345
Census tract,Tract 2406,17031240600,-87.68971110,41.91213410,398.5334489
Census tract,Tract 2407,17031240700,-87.69459860,41.91208780,188.2137615
Census tract,Tract 2408,17031240800,-87.69948760,41.91204830,159.30397148778897
Census tract,Tract 2409,17031240900,-87.69862330,41.90484480,30.19698347
Census tract,Tract 2410,17031241000,-87.69453420,41.90796860,144.7633090950402
Census tract,Tract 2411,17031241100,-87.68958010,41.90664030,261.3311598144376
Census tract,Tract 2412,17031241200,-87.68468570,41.90670700,353.5874118165111
Census tract,Tract 2413,17031241300,-87.68102500,41.90677160,94.39797786
Census tract,Tract 2414,17031241400,-87.67531370,41.90603120,81.76977582334914
Census tract,Tract 2415,17031241500,-87.67092980,41.90837400,633.3297372253894
Census tract,Tract 2416,17031241600,-87.66532770,41.90670970,3425.045504457272
Census tract,Tract 2420,17031242000,-87.66495360,41.89973710,2488.126324734868
Census tract,Tract 2421,17031242100,-87.66983750,41.89966980,257.6533101420372
Census tract,Tract 2422,17031242200,-87.67471880,41.89958930,67.39028679396374
Census tract,Tract 2423,17031242300,-87.67960030,41.89950650,67.05360862757847
Census tract,Tract 2424,17031242400,-87.68449000,41.89942190,299.40280417767053
Census tract,Tract 2425,17031242500,-87.68931910,41.89944550,230.6354306999416
Census tract,Tract 2426,17031242600,-87.69419700,41.90056000,57.41734376998588
Census tract,Tract 2427,17031242700,-87.69937420,41.89742540,115.6884207
Census tract,Tract 2428,17031242800,-87.69032370,41.89263200,248.005109
Census tract,Tract 2429,17031242900,-87.68428960,41.89219550,281.80556958394493
Census tract,Tract 2430,17031243000,-87.67939810,41.89227530,59.82490316044316
Census tract,Tract 2431,17031243100,-87.67450680,41.89235460,79.61888025535347
Census tract,Tract 2432,17031243200,-87.66962380,41.89243270,268.1069038310451
Census tract,Tract 2433,17031243300,-87.66473880,41.89247810,878.5393517837102
Census tract,Tract 2434,17031243400,-87.65985400,41.89256600,4029.821472409375
Census tract,Tract 2435,17031243500,-87.65252270,41.89264940,4191.747337163506
Census tract,Tract 2502,17031250200,-87.75107300,41.91235080,314.093110963728
Census tract,Tract 2503,17031250300,-87.76085280,41.91284830,256.10570607094047
Census tract,Tract 2504,17031250400,-87.77540580,41.91290500,258.73931383599927
Census tract,Tract 2505,17031250500,-87.79679600,41.91461800,169.84034302465344
Census tract,Tract 2506,17031250600,-87.77063030,41.90569350,274.3765332124673
Census tract,Tract 2507,17031250700,-87.76081280,41.90582060,216.11353655471848
Census tract,Tract 2508,17031250800,-87.75147410,41.90618550,135.4953986364309
Census tract,Tract 2510,17031251000,-87.74489240,41.89869450,353.7637796
Census tract,Tract 2511,17031251100,-87.75201120,41.89862480,109.4159433724709
Census tract,Tract 2512,17031251200,-87.76060400,41.89854910,100.710356337335
Census tract,Tract 2513,17031251300,-87.77038490,41.89842510,166.52589134500784
Census tract,Tract 2514,17031251400,-87.77012480,41.89095740,164.74126985524336
Census tract,Tract 2515,17031251500,-87.76035380,41.89110350,116.90121124169968
Census tract,Tract 2516,17031251600,-87.75180370,41.89140650,107.87785975946052
Census tract,Tract 2517,17031251700,-87.74447930,41.89138440,414.0325089
Census tract,Tract 2518,17031251800,-87.74788850,41.88414360,253.39376395152908
Census tract,Tract 2519,17031251900,-87.76009450,41.88381160,189.2193708667997
Census tract,Tract 2520,17031252000,-87.76987980,41.88367590,224.01822511191995
Census tract,Tract 2521.01,17031252101,-87.76985520,41.87388120,335.3700296
Census tract,Tract 2521.02,17031252102,-87.75982760,41.87659900,353.7092131853402
Census tract,Tract 2522.01,17031252201,-87.75210510,41.87669580,213.29967003980272
Census tract,Tract 2522.02,17031252202,-87.74458320,41.87675840,575.881069499979
Census tract,Tract 2601,17031260100,-87.72333020,41.88437070,231.8591448
Census tract,Tract 2602,17031260200,-87.72823020,41.88432430,224.2448953
Census tract,Tract 2603,17031260300,-87.73313620,41.88427660,54.22809256
Census tract,Tract 2604,17031260400,-87.73804110,41.88421450,53.59475874
Census tract,Tract 2605,17031260500,-87.73772820,41.87666390,511.9663984
Census tract,Tract 2606,17031260600,-87.73286700,41.87710760,1063.0684315610215
Census tract,Tract 2607,17031260700,-87.72799620,41.87705650,2113.645383313424
Census tract,Tract 2608,17031260800,-87.72309640,41.87708480,1675.3504561721268
Census tract,Tract 2609,17031260900,-87.72281410,41.87102970,1904.538574149044
Census tract,Tract 2610,17031261000,-87.73200940,41.87133790,2682.4471645102667
Census tract,Tract 2705,17031270500,-87.71779320,41.87624020,2228.340927
Census tract,Tract 2712,17031271200,-87.70356210,41.87735970,1533.792034
Census tract,Tract 2713,17031271300,-87.70845280,41.87730400,1678.879723
Census tract,Tract 2714,17031271400,-87.71333140,41.87724290,1261.942591
Census tract,Tract 2715,17031271500,-87.71315590,41.87178610,2025.989083
Census tract,Tract 2718,17031271800,-87.69848970,41.87149640,1031.967571
Census tract,Tract 2801,17031280100,-87.64349770,41.88545200,6408.671116447648
Census tract,Tract 2804,17031280400,-87.67188460,41.88600940,124.7937693
Census tract,Tract 2808,17031280800,-87.68890090,41.87859670,2832.324909
Census tract,Tract 2809,17031280900,-87.68513240,41.87862610,2640.271036
Census tract,Tract 2819,17031281900,-87.64292360,41.87863460,10530.735769362253
Census tract,Tract 2827,17031282700,-87.68868120,41.87136680,2202.523877117592
Census tract,Tract 2828,17031282800,-87.68491360,41.87026830,1113.393719
Census tract,Tract 2831,17031283100,-87.66409200,41.86927410,192.8533631249172
Census tract,Tract 2832,17031283200,-87.65920230,41.86957900,257.8471226
Census tract,Tract 2838,17031283800,-87.65375470,41.86341680,148.29650857969187
Census tract,Tract 2909,17031290900,-87.73245670,41.86241030,139.32960639181383
Census tract,Tract 2912,17031291200,-87.71287460,41.86266110,53.322891866456686
Census tract,Tract 2916,17031291600,-87.69221590,41.85764150,25.54630772
Census tract,Tract 2922,17031292200,-87.71573060,41.85666650,34.29009210727396
Census tract,Tract 2924,17031292400,-87.72239920,41.85523970,202.24226959069085
Census tract,Tract 2925,17031292500,-87.73224280,41.85516130,183.05887395652945
Census tract,Tract 3005,17031300500,-87.72193930,41.84742510,143.1012341925686
Census tract,Tract 3006,17031300600,-87.71733430,41.84799040,78.35039590862894
Census tract,Tract 3007,17031300700,-87.71245040,41.84807200,63.523866663078365
Census tract,Tract 3008,17031300800,-87.70758180,41.84811080,250.731281856794
Census tract,Tract 3009,17031300900,-87.70269930,41.84817960,205.5666598648364
Census tract,Tract 3011,17031301100,-87.69797340,41.84702900,59.32440461008609
Census tract,Tract 3012,17031301200,-87.69147710,41.84841710,91.76663829601904
Census tract,Tract 3016,17031301600,-87.71225200,41.84075720,78.60999564304305
Census tract,Tract 3017.01,17031301701,-87.71962540,41.84248050,57.790957598132735
Census tract,Tract 3017.02,17031301702,-87.71952440,41.83880620,227.3956300104586
Census tract,Tract 3018.01,17031301801,-87.73505090,41.84165970,55.07865227102863
Census tract,Tract 3018.02,17031301802,-87.72775920,41.84518460,89.89549199447868
Census tract,Tract 3018.03,17031301803,-87.72787080,41.83954970,202.92576011682007
Census tract,Tract 3102,17031310200,-87.64420910,41.85631000,5313.914860564231
Census tract,Tract 3103,17031310300,-87.64897820,41.85614390,1407.521548
Census tract,Tract 3104,17031310400,-87.65226130,41.85650690,58.34114265
Census tract,Tract 3105,17031310500,-87.65474000,41.85524800,43.98504087
Census tract,Tract 3106,17031310600,-87.65956370,41.85633300,74.28424124664241
Census tract,Tract 3107,17031310700,-87.66490610,41.85599030,510.4251944
Census tract,Tract 3108,17031310800,-87.66857370,41.85593370,331.33761499068254
Census tract,Tract 3109,17031310900,-87.67467410,41.85577160,72.92994464343441
Census tract,Tract 3201.01,17031320101,-87.61705900,41.88502590,1789.4207493216531
Census tract,Tract 3201.02,17031320102,-87.62419440,41.88512490,1321.772784762691
Census tract,Tract 3204,17031320400,-87.61725560,41.87581700,1440.083711
Census tract,Tract 3206,17031320600,-87.61659620,41.87055420,960.3387511159342
Census tract,Tract 3301.01,17031330101,-87.61322500,41.85912030,1351.5883625653307
Census tract,Tract 3301.02,17031330102,-87.62398830,41.86357210,917.804475466876
Census tract,Tract 3301.03,17031330103,-87.62341720,41.85647960,812.0555879845781
Census tract,Tract 3302,17031330200,-87.63056800,41.86557830,409.794143538024
Census tract,Tract 3403,17031340300,-87.63578820,41.84280460,3990.352597
Census tract,Tract 3404,17031340400,-87.63203560,41.84188570,5823.85821
Census tract,Tract 3405,17031340500,-87.63291690,41.83451810,2695.274157
Census tract,Tract 3406,17031340600,-87.63265160,41.82728640,2939.249049
Census tract,Tract 3501,17031350100,-87.60794920,41.84025900,483.7195030520198
Census tract,Tract 3504,17031350400,-87.62836950,41.84192910,2148.357004
Census tract,Tract 3510,17031351000,-87.60652820,41.83556750,313.78112249456046
Census tract,Tract 3511,17031351100,-87.61418940,41.82775400,90.41856475791953
Census tract,Tract 3514,17031351400,-87.62409090,41.82740190,355.1392076
Census tract,Tract 3515,17031351500,-87.62773090,41.82724020,1162.3057032211425
Census tract,Tract 3602,17031360200,-87.60988760,41.82688550,172.4453121
Census tract,Tract 3801,17031380100,-87.61009740,41.82020190,81.83550275
Census tract,Tract 3802,17031380200,-87.61498610,41.82057400,115.3738351
Census tract,Tract 3806,17031380600,-87.62293560,41.82015100,519.7486390525463
Census tract,Tract 3812,17031381200,-87.61399920,41.80851140,162.34367828107847
Census tract,Tract 3814,17031381400,-87.62142980,41.80762020,176.4745906
Census tract,Tract 3815,17031381500,-87.62286190,41.81019270,217.0501854
Census tract,Tract 3817,17031381700,-87.62744630,41.80555020,950.2417311
Census tract,Tract 3818,17031381800,-87.62119780,41.80384810,129.50881954213406
Census tract,Tract 3819,17031381900,-87.61388850,41.80395570,102.00975347216996
Census tract,Tract 3901,17031390100,-87.59054490,41.81355450,741.8790853
Census tract,Tract 3902,17031390200,-87.59947650,41.81304100,121.46092239653744
Census tract,Tract 3903,17031390300,-87.60420890,41.81320060,118.8788567677302
Census tract,Tract 3904,17031390400,-87.60405820,41.80592430,97.71931137456636
Census tract,Tract 3905,17031390500,-87.59919870,41.80597810,72.44973048
Census tract,Tract 3906,17031390600,-87.59435040,41.80601810,64.43323388954865
Census tract,Tract 3907,17031390700,-87.58048870,41.80401640,474.0143799522352
Census tract,Tract 4003,17031400300,-87.61127280,41.78975400,179.414184
Census tract,Tract 4004,17031400400,-87.61832110,41.79112610,121.29858812639098
Census tract,Tract 4005,17031400500,-87.62317910,41.79104140,182.27166811306915
Census tract,Tract 4008,17031400800,-87.62055800,41.78286330,167.578580337253
Census tract,Tract 4101,17031410100,-87.58102590,41.80158220,149.11845439275484
Census tract,Tract 4102,17031410200,-87.59426510,41.80167090,9.331026821
Census tract,Tract 4105,17031410500,-87.60374230,41.79783080,84.29337036485626
Census tract,Tract 4106,17031410600,-87.59894220,41.79796870,15.003852092741456
Census tract,Tract 4107,17031410700,-87.59419960,41.79804930,14.75059345
Census tract,Tract 4108,17031410800,-87.58962480,41.79796140,25.862528857535583
Census tract,Tract 4109,17031410900,-87.57809370,41.79670970,286.8799598714714
Census tract,Tract 4110,17031411000,-87.57746200,41.78722670,541.1014846505382
Census tract,Tract 4111,17031411100,-87.58970080,41.79045520,138.0856128398907
Census tract,Tract 4112,17031411200,-87.59401710,41.79056180,29.13613905929364
Census tract,Tract 4201,17031420100,-87.57950420,41.78256890,144.4300689
Census tract,Tract 4202,17031420200,-87.59352080,41.78346800,63.5763047
Census tract,Tract 4203,17031420300,-87.59869700,41.78322410,67.1842768
Census tract,Tract 4204,17031420400,-87.60355840,41.78316990,221.7373325
Census tract,Tract 4205,17031420500,-87.60842610,41.78310020,197.384488513736
Census tract,Tract 4206,17031420600,-87.61327770,41.78301350,47.57570263129556
Census tract,Tract 4207,17031420700,-87.61069330,41.77669140,100.0505780958954
Census tract,Tract 4208,17031420800,-87.60325690,41.77690970,157.80452042454215
Census tract,Tract 4212,17031421200,-87.60894740,41.77066210,190.9032042622776
Census tract,Tract 4301.01,17031430101,-87.57395300,41.76985320,73.40091244787827
Census tract,Tract 4301.02,17031430102,-87.56381430,41.76895280,99.79026009985824
Census tract,Tract 4302,17031430200,-87.58135090,41.76976130,262.32137526320093
Census tract,Tract 4303,17031430300,-87.58936010,41.76971630,348.3166751045348
Census tract,Tract 4304,17031430400,-87.59030980,41.76219610,125.8751499812372
Census tract,Tract 4305,17031430500,-87.58127000,41.76431390,106.53691559019032
Census tract,Tract 4306,17031430600,-87.57137300,41.76441330,54.612706068215566
Census tract,Tract 4307,17031430700,-87.56089030,41.76527160,222.11984078050568
Census tract,Tract 4308,17031430800,-87.57129830,41.76075000,32.35264935004834
Census tract,Tract 4309,17031430900,-87.58118510,41.76064100,57.52314762756261
Census tract,Tract 4312,17031431200,-87.57118430,41.75530110,62.05266335291925
Census tract,Tract 4313.01,17031431301,-87.56018710,41.75353020,102.60812829389972
Census tract,Tract 4313.02,17031431302,-87.56278590,41.75838550,52.96674875554585
Census tract,Tract 4314,17031431400,-87.54655500,41.75720840,145.25067969510127
Census tract,Tract 4401.01,17031440101,-87.60145120,41.74862710,113.43296277284344
Census tract,Tract 4401.02,17031440102,-87.60116360,41.74093560,88.95778540282411
Census tract,Tract 4402.01,17031440201,-87.61007390,41.74820970,156.48900175719035
Census tract,Tract 4402.02,17031440202,-87.60976200,41.74095990,95.21314680019856
Census tract,Tract 4403,17031440300,-87.61954240,41.74372120,852.234915428843
Census tract,Tract 4406,17031440600,-87.61913730,41.73267180,1017.7988744703908
Census tract,Tract 4407,17031440700,-87.60962940,41.73475140,215.3107081742151
Census tract,Tract 4408,17031440800,-87.60332800,41.73171140,214.7124122124692
Census tract,Tract 4409,17031440900,-87.60900570,41.72866900,79.55093058348902
Census tract,Tract 4503,17031450300,-87.57908920,41.74194380,187.45223457929887
Census tract,Tract 4601,17031460100,-87.53672530,41.74783450,82.94333739142604
Census tract,Tract 4602,17031460200,-87.54701010,41.74138720,42.15599641687885
Census tract,Tract 4603.01,17031460301,-87.55636730,41.74002640,33.332141833264146
Census tract,Tract 4603.02,17031460302,-87.55738790,41.74708400,38.086888656401584
Census tract,Tract 4604,17031460400,-87.56369220,41.74449030,89.36406416921137
Census tract,Tract 4605,17031460500,-87.57260410,41.74688190,93.06036641237036
Census tract,Tract 4608,17031460800,-87.55318420,41.73560050,57.332218929939536
Census tract,Tract 4610,17031461000,-87.54654240,41.72739250,77.69355052999998
Census tract,Tract 4701,17031470100,-87.59648940,41.72822070,46.53363236103285
Census tract,Tract 4801,17031480100,-87.57572920,41.73524100,160.75578148605695
Census tract,Tract 4802,17031480200,-87.58988290,41.73512410,290.7680020466908
Census tract,Tract 4803,17031480300,-87.58797250,41.72919400,231.549381
Census tract,Tract 4804,17031480400,-87.57563850,41.72844980,89.63786364158938
Census tract,Tract 4805,17031480500,-87.55909110,41.72760010,86.17636983391827
Census tract,Tract 4902,17031490200,-87.61687420,41.72490950,1020.06840524273
Census tract,Tract 4905,17031490500,-87.61319640,41.71793090,738.4560381929825
Census tract,Tract 4906,17031490600,-87.62833020,41.71797340,2077.452918
Census tract,Tract 4907,17031490700,-87.62836170,41.71073390,770.6942986832454
Census tract,Tract 4908,17031490800,-87.61534690,41.71069020,893.3949288611651
Census tract,Tract 4909.01,17031490901,-87.61626770,41.69605820,47.20511437578608
Census tract,Tract 4909.02,17031490902,-87.61532620,41.70328010,39.33280041478804
Census tract,Tract 4910,17031491000,-87.62805360,41.69976250,44.061445247801416
Census tract,Tract 4911,17031491100,-87.63769940,41.69975310,149.23355707438344
Census tract,Tract 4912,17031491200,-87.63743830,41.68877650,144.532284736107
Census tract,Tract 4913,17031491300,-87.62780360,41.68889690,46.161479506816605
Census tract,Tract 4914,17031491400,-87.61682150,41.68912320,60.26636248755881
Census tract,Tract 5001,17031500100,-87.59502870,41.71468400,1072.5851135414669
Census tract,Tract 5002,17031500200,-87.60030860,41.70085520,47.96656862998815
Census tract,Tract 5003,17031500300,-87.60536980,41.68931500,256.2866714017391
Census tract,Tract 5101,17031510100,-87.55007480,41.71262130,75.56334176702566
Census tract,Tract 5102,17031510200,-87.56004950,41.71426510,152.20985465626282
Census tract,Tract 5103,17031510300,-87.57497710,41.71573730,88.19631415556702
Census tract,Tract 5201,17031520100,-87.52943250,41.72111840,225.8099655
Census tract,Tract 5202,17031520200,-87.54069130,41.71230870,183.580788204314
Census tract,Tract 5203,17031520300,-87.53956290,41.70111390,134.19216289303964
Census tract,Tract 5204,17031520400,-87.53070290,41.70300800,208.33327119405675
Census tract,Tract 5205,17031520500,-87.53087190,41.69311580,59.66711989777375
Census tract,Tract 5206,17031520600,-87.54040000,41.68952040,127.7322499
Census tract,Tract 5301,17031530100,-87.61793950,41.68185220,33.181567353299954
Census tract,Tract 5302,17031530200,-87.63239540,41.68156120,54.47328934481104
Census tract,Tract 5303,17031530300,-87.65175240,41.68131440,669.9037382336277
Census tract,Tract 5304,17031530400,-87.65152670,41.67403970,295.7437845122535
Census tract,Tract 5305.01,17031530501,-87.63216600,41.67427800,40.031858060863975
Census tract,Tract 5305.02,17031530502,-87.62502510,41.66607960,60.76823657
Census tract,Tract 5305.03,17031530503,-87.63753560,41.66420390,186.64921933744384
Census tract,Tract 5306,17031530600,-87.61914580,41.67008820,54.373718594837776
Census tract,Tract 5401.01,17031540101,-87.59936890,41.65072030,43.764980204791854
Census tract,Tract 5401.02,17031540102,-87.60544880,41.66733000,108.2002103303778
Census tract,Tract 5501,17031550100,-87.53597850,41.66318130,83.34188016832739
Census tract,Tract 5502,17031550200,-87.56482700,41.65509740,118.32978236281576
Census tract,Tract 5601,17031560100,-87.74159100,41.81567650,706.0176006
Census tract,Tract 5602,17031560200,-87.74782730,41.81133090,530.6304115320468
Census tract,Tract 5603,17031560300,-87.74798700,41.80390750,273.1800313186597
Census tract,Tract 5604,17031560400,-87.74061440,41.80400620,465.4980406
Census tract,Tract 5607,17031560700,-87.75752020,41.79646260,373.2267069843192
Census tract,Tract 5608,17031560800,-87.77216590,41.79620560,294.6394052483456
Census tract,Tract 5609,17031560900,-87.79165140,41.79577020,488.6800773904733
Census tract,Tract 5610,17031561000,-87.79150330,41.78850220,234.68227710747925
Census tract,Tract 5611,17031561100,-87.77190990,41.78886980,209.6262597752392
Census tract,Tract 5701,17031570100,-87.71891320,41.81620030,382.4881036
Census tract,Tract 5702,17031570200,-87.73071830,41.81437990,248.9632097
Census tract,Tract 5703,17031570300,-87.73079090,41.80414490,208.7956620442284
Census tract,Tract 5704,17031570400,-87.71913050,41.80499210,403.9738206585641
Census tract,Tract 5705,17031570500,-87.73245530,41.79860150,159.13495043001137
Census tract,Tract 5801,17031580100,-87.69074630,41.82805490,362.7332718198575
Census tract,Tract 5802,17031580200,-87.69934780,41.82677180,513.2790060412002
Census tract,Tract 5803,17031580300,-87.70893400,41.82518760,633.5568834
Census tract,Tract 5804,17031580400,-87.70918450,41.81527530,279.44289936025075
Census tract,Tract 5805.01,17031580501,-87.69949620,41.81998600,221.91949866121848
Census tract,Tract 5805.02,17031580502,-87.69931020,41.81456170,143.21226692687182
Census tract,Tract 5806,17031580600,-87.69203140,41.81739780,103.34162143448286
Census tract,Tract 5807,17031580700,-87.68684590,41.81749350,146.65676604290695
Census tract,Tract 5808,17031580800,-87.68664360,41.81021970,291.04982
Census tract,Tract 5905,17031590500,-87.68045960,41.82489780,78.99975734
Census tract,Tract 5906,17031590600,-87.67292440,41.82683320,62.02504796421053
Census tract,Tract 5907,17031590700,-87.66278880,41.82605390,245.63284653957712
Census tract,Tract 6004,17031600400,-87.64393220,41.84171830,824.1670964996508
Census tract,Tract 6006,17031600600,-87.65575100,41.84246850,999.7975263948792
Census tract,Tract 6007,17031600700,-87.66054300,41.84078160,1178.7171957957546
Census tract,Tract 6009,17031600900,-87.65314280,41.83651300,166.3434549142504
Census tract,Tract 6103,17031610300,-87.67510220,41.81617790,134.8497383862107
Census tract,Tract 6104,17031610400,-87.66744910,41.81039840,309.8680617
Census tract,Tract 6108,17031610800,-87.63840460,41.81271190,70.94465702
Census tract,Tract 6112,17031611200,-87.66244140,41.80499390,193.3462727429851
Census tract,Tract 6113,17031611300,-87.66730390,41.80493620,178.15752626984732
Census tract,Tract 6114,17031611400,-87.67216610,41.80489290,57.94072457406208
Census tract,Tract 6115,17031611500,-87.67873100,41.80538190,109.6413659714636
Census tract,Tract 6116,17031611600,-87.67689800,41.79763290,76.65876034688182
Census tract,Tract 6117,17031611700,-87.67197620,41.79759910,91.878483741211
Census tract,Tract 6118,17031611800,-87.66711380,41.79764770,207.04703710068028
Census tract,Tract 6119,17031611900,-87.65955520,41.79853750,224.6287166443548
Census tract,Tract 6120,17031612000,-87.65253600,41.79784660,81.52498843802486
Census tract,Tract 6121,17031612100,-87.64768080,41.79791280,187.3746461
Census tract,Tract 6122,17031612200,-87.65271940,41.80487610,54.82155791626048
Census tract,Tract 6201,17031620100,-87.71802570,41.79801750,140.67262285706153
Census tract,Tract 6202,17031620200,-87.72923390,41.79552150,177.19918799857743
Census tract,Tract 6203,17031620300,-87.73044380,41.78950250,178.40897573575973
Census tract,Tract 6204,17031620400,-87.71816820,41.78963820,182.9334980673364
Census tract,Tract 6303,17031630300,-87.70863780,41.79886200,169.47197134077993
Census tract,Tract 6304,17031630400,-87.69878110,41.79725450,144.5666949590644
Census tract,Tract 6305,17031630500,-87.68901710,41.79742790,138.6294668847042
Census tract,Tract 6306,17031630600,-87.68885240,41.80120950,127.38638034163075
Census tract,Tract 6308,17031630800,-87.69857250,41.78996520,139.46931162118355
Census tract,Tract 6309,17031630900,-87.70836550,41.78981140,127.1257576066103
Census tract,Tract 6401,17031640100,-87.73986080,41.78191960,542.5704159
Census tract,Tract 6403,17031640300,-87.77163530,41.78153210,138.577711217462
Census tract,Tract 6404,17031640400,-87.79124740,41.78117840,79.8452685996755
Census tract,Tract 6405,17031640500,-87.79098790,41.77568250,186.60351462695075
Census tract,Tract 6406,17031640600,-87.77142980,41.77603620,189.06950678540488
Census tract,Tract 6407,17031640700,-87.75193560,41.77641110,246.07629441855667
Census tract,Tract 6408,17031640800,-87.73974220,41.77482410,444.5367168951085
Census tract,Tract 6501,17031650100,-87.71785490,41.78237660,195.69306052828964
Census tract,Tract 6502,17031650200,-87.73022520,41.78222210,170.2800316762226
Census tract,Tract 6503.01,17031650301,-87.72999160,41.77492750,164.37373346698922
Census tract,Tract 6503.02,17031650302,-87.71773310,41.77509310,154.51007009588676
Census tract,Tract 6504,17031650400,-87.71716510,41.76531180,200.5830121864693
Census tract,Tract 6505,17031650500,-87.73203520,41.76221870,135.33634678767328
Census tract,Tract 6603.01,17031660301,-87.69828720,41.77995410,202.2530834
Census tract,Tract 6603.02,17031660302,-87.69839260,41.78359570,98.43295869028654
Census tract,Tract 6604,17031660400,-87.70804410,41.78253210,123.08606926886333
Census tract,Tract 6605,17031660500,-87.70792710,41.77524610,137.28009992935563
Census tract,Tract 6606,17031660600,-87.69334060,41.77728730,159.76491856566366
Census tract,Tract 6607,17031660700,-87.68109550,41.77384520,206.85489561358384
Census tract,Tract 6608,17031660800,-87.69326560,41.77364130,101.50569250264148
Census tract,Tract 6609,17031660900,-87.69906300,41.76781910,203.714790218466
Census tract,Tract 6610,17031661000,-87.68504690,41.76181770,241.23327494112047
Census tract,Tract 6611,17031661100,-87.70266360,41.76078640,168.17002528102515
Census tract,Tract 6701,17031670100,-87.65720840,41.79049370,162.55522367946628
Census tract,Tract 6702,17031670200,-87.66206270,41.79042470,292.3423139
Census tract,Tract 6703,17031670300,-87.66691670,41.79035760,319.43748514351205
Census tract,Tract 6704,17031670400,-87.67176980,41.79029960,173.7111312
Census tract,Tract 6705,17031670500,-87.67640440,41.78657800,147.9552105
Census tract,Tract 6706,17031670600,-87.67157720,41.78300540,61.90181045448843
Census tract,Tract 6707,17031670700,-87.66673150,41.78306860,155.97268711477636
Census tract,Tract 6708,17031670800,-87.66187900,41.78314420,176.59923673630334
Census tract,Tract 6709,17031670900,-87.65702200,41.78321240,82.61715031777302
Census tract,Tract 6711,17031671100,-87.66171590,41.77677710,151.9958093
Census tract,Tract 6712,17031671200,-87.66658230,41.77669930,153.077122
Census tract,Tract 6713,17031671300,-87.67134930,41.77390150,46.626914322656255
Census tract,Tract 6714,17031671400,-87.67622890,41.77379210,61.09345968021181
Census tract,Tract 6715,17031671500,-87.66963150,41.76817220,121.51213412709131
Census tract,Tract 6716,17031671600,-87.66151130,41.76949990,182.27397464634143
Census tract,Tract 6718,17031671800,-87.65644810,41.76140100,67.74828265
Census tract,Tract 6719,17031671900,-87.66128020,41.76132560,291.8257905
Census tract,Tract 6720,17031672000,-87.67112810,41.76119830,133.6117019972682
Census tract,Tract 6805,17031680500,-87.65235240,41.79056390,186.4323054
Census tract,Tract 6806,17031680600,-87.65216520,41.78328110,83.33025356
Census tract,Tract 6809,17031680900,-87.63763040,41.77643050,1214.4519457235936
Census tract,Tract 6810,17031681000,-87.64954790,41.77603980,121.60535554279052
Census tract,Tract 6811,17031681100,-87.64935950,41.76876650,97.3685861292864
Census tract,Tract 6812,17031681200,-87.63849760,41.76918930,96.24465786772632
Census tract,Tract 6813,17031681300,-87.63984230,41.76118070,145.3216180560953
Census tract,Tract 6814,17031681400,-87.64917060,41.76152230,120.07497816478173
Census tract,Tract 6903,17031690300,-87.62900930,41.76866930,3764.0300926420496
Census tract,Tract 6904,17031690400,-87.62020390,41.76925900,1411.1966764378055
Census tract,Tract 6905,17031690500,-87.61210310,41.76817940,145.3766764
Census tract,Tract 6909,17031690900,-87.61034470,41.76214240,118.66901969129644
Census tract,Tract 6910,17031691000,-87.62001510,41.76196540,511.69914158593326
Census tract,Tract 6911,17031691100,-87.62987210,41.76171350,998.9718124913256
Census tract,Tract 6912,17031691200,-87.63041130,41.75262080,590.8037162149276
Census tract,Tract 6913,17031691300,-87.61984720,41.75468110,486.4290820290648
Census tract,Tract 6914,17031691400,-87.61016850,41.75484550,170.21633184595134
Census tract,Tract 6915,17031691500,-87.60026660,41.75505280,195.2291864803987
Census tract,Tract 7001,17031700100,-87.69530910,41.75359350,290.986800225466
Census tract,Tract 7002,17031700200,-87.72378400,41.75298930,283.82003261774486
Census tract,Tract 7003.01,17031700301,-87.73171170,41.74562250,197.40702683615064
Census tract,Tract 7003.02,17031700302,-87.73130640,41.73836520,297.8075948539385
Census tract,Tract 7004.01,17031700401,-87.71203550,41.74553720,241.64959185973888
Census tract,Tract 7004.02,17031700402,-87.71182340,41.73823020,257.06104892844195
Census tract,Tract 7005.01,17031700501,-87.69034230,41.74621330,221.63416628667247
Census tract,Tract 7005.02,17031700502,-87.68876830,41.73885220,208.77921345695097
Census tract,Tract 7101,17031710100,-87.64197130,41.75339180,152.8072544
Census tract,Tract 7102,17031710200,-87.65142520,41.75511310,68.1537515055987
Census tract,Tract 7103,17031710300,-87.66110570,41.75404850,196.5608943
Census tract,Tract 7104,17031710400,-87.67093280,41.75391840,110.83348449293509
Census tract,Tract 7105,17031710500,-87.67078740,41.74753160,135.7689929420094
Census tract,Tract 7106,17031710600,-87.66094340,41.74766000,194.63665118558023
Census tract,Tract 7107,17031710700,-87.65688400,41.74711000,103.45020140062572
Census tract,Tract 7108,17031710800,-87.64881260,41.74783660,129.75913186607826
Census tract,Tract 7109,17031710900,-87.63968930,41.74214610,197.79083242852727
Census tract,Tract 7110,17031711000,-87.64858110,41.73964360,153.27031999984632
Census tract,Tract 7111,17031711100,-87.65830020,41.73950160,212.34878089572229
Census tract,Tract 7112,17031711200,-87.66982520,41.74055610,149.13360455771283
Census tract,Tract 7113,17031711300,-87.66728550,41.73350440,324.5220526497948
Census tract,Tract 7114,17031711400,-87.65211680,41.73366140,319.3886183107769
Census tract,Tract 7115,17031711500,-87.63868880,41.73244020,200.22384020623943
Census tract,Tract 7201,17031720100,-87.67473550,41.72761640,153.8750724534091
Census tract,Tract 7202,17031720200,-87.66605450,41.71304170,136.81670177021545
Census tract,Tract 7203,17031720300,-87.67714390,41.71391980,183.96462075459445
Census tract,Tract 7204,17031720400,-87.68666860,41.70999180,130.91719967335032
Census tract,Tract 7205,17031720500,-87.68910110,41.70283530,153.29517059328856
Census tract,Tract 7206,17031720600,-87.67720700,41.70277640,180.0866406737138
Census tract,Tract 7207,17031720700,-87.66513880,41.70310710,85.8430196584803
Census tract,Tract 7301,17031730100,-87.63842560,41.72519520,174.99510570042244
Census tract,Tract 7302.01,17031730201,-87.65790160,41.72686250,140.58661283503463
Census tract,Tract 7302.02,17031730202,-87.64854250,41.72642990,169.31418166348425
Census tract,Tract 7303,17031730300,-87.66456670,41.72746930,175.7181702
Census tract,Tract 7304,17031730400,-87.65264790,41.71784080,678.5047029279681
Census tract,Tract 7305,17031730500,-87.63813770,41.71426530,1251.1714112883888
Census tract,Tract 7306,17031730600,-87.65048570,41.71060030,1038.9457321199448
Census tract,Tract 7307,17031730700,-87.65007930,41.70308170,517.5669748284084
Census tract,Tract 7401,17031740100,-87.69860830,41.69728590,265.2480319058442
Census tract,Tract 7402,17031740200,-87.71270570,41.70470170,176.58918617221784
Census tract,Tract 7403,17031740300,-87.71072330,41.69506940,150.73938315834053
Census tract,Tract 7404,17031740400,-87.71931580,41.68723910,100.49748863789776
Census tract,Tract 7501,17031750100,-87.65202830,41.69583450,787.4322171805137
Census tract,Tract 7502,17031750200,-87.67142470,41.69566470,235.79541798215607
Census tract,Tract 7503,17031750300,-87.68617260,41.69539110,150.1807363752834
Census tract,Tract 7504,17031750400,-87.68507100,41.68565660,154.86660211821243
Census tract,Tract 7505,17031750500,-87.67123340,41.68461540,303.50107447267715
Census tract,Tract 7506,17031750600,-87.65204930,41.68863120,507.837584439152
Census tract,Tract 7608.01,17031760801,-87.84484950,41.98348670,404.9084286311152
Census tract,Tract 7608.02,17031760802,-87.84262100,41.95612680,262.7614608
Census tract,Tract 7608.03,17031760803,-87.84413560,41.97534080,83.69644569799345
Census tract,Tract 7705,17031770500,-87.94474330,42.00800630,592.3959761881044
Census tract,Tract 7706.02,17031770602,-87.90749730,42.01191100,503.5066838946997
Census tract,Tract 7707,17031770700,-87.86941970,41.98543570,1908.3088584430427
Census tract,Tract 7708,17031770800,-87.86642260,41.96331970,764.6677941783782
Census tract,Tract 7709.01,17031770901,-87.81686040,41.97055600,177.4707658662917
Census tract,Tract 7709.02,17031770902,-87.83618060,41.97006020,174.05513858617363
Census tract,Tract 8104,17031810400,-87.82943870,41.98757370,548.9751802446664
Census tract,Tract 8105.01,17031810501,-87.82598630,41.96028070,130.8116987028906
Census tract,Tract 8105.02,17031810502,-87.81045920,41.95958470,237.90365209598505
Census tract,Tract 8106,17031810600,-87.79610020,41.96422460,163.7332640508668
Census tract,Tract 8233.04,17031823304,-87.70275070,41.68142960,107.81469288433412
Census tract,Tract 8305,17031830500,-87.71931990,41.82912460,284.76883786866216
Census tract,Tract 8306,17031830600,-87.67357380,42.00169800,180.57008289404257
Census tract,Tract 8307,17031830700,-87.66076460,41.95830350,157.64625195117324
Census tract,Tract 8308,17031830800,-87.67657750,41.96514130,47.07687517865696
Census tract,Tract 8309,17031830900,-87.68490650,41.92842450,3511.8639613676846
Census tract,Tract 8310,17031831000,-87.67699660,41.91479810,840.5661737998481
Census tract,Tract 8311,17031831100,-87.71749550,41.94285590,2606.4498192766014
Census tract,Tract 8312,17031831200,-87.73226000,41.91532140,131.35397990609272
Census tract,Tract 8313,17031831300,-87.74425960,41.90776620,526.8591007
Census tract,Tract 8314,17031831400,-87.75608840,41.86911880,1819.9777387095744
Census tract,Tract 8315,17031831500,-87.78800670,41.92759500,87.5416400459828
Census tract,Tract 8316,17031831600,-87.79761480,41.92561050,165.85860833509105
Census tract,Tract 8317,17031831700,-87.74525460,41.95265370,640.1406286
Census tract,Tract 8318,17031831800,-87.71648740,41.97822380,142.18151557451432
Census tract,Tract 8319,17031831900,-87.66879070,41.94516900,178.00644352059211
Census tract,Tract 8320,17031832000,-87.65429820,41.94629410,42.67074025
Census tract,Tract 8321,17031832100,-87.65324140,41.95282150,258.8085578527273
Census tract,Tract 8322,17031832200,-87.67997460,41.92047990,2447.357468932806
Census tract,Tract 8323,17031832300,-87.67278070,41.91982640,4210.482129
Census tract,Tract 8324,17031832400,-87.69225650,41.91574110,184.5447435498195
Census tract,Tract 8325,17031832500,-87.66479620,41.92223040,224.5366260979244
Census tract,Tract 8326,17031832600,-87.65446540,41.91475410,130.2712922662214
Census tract,Tract 8329,17031832900,-87.66193490,41.87417510,1074.6140205353383
Census tract,Tract 8330,17031833000,-87.65724880,41.88528630,3228.0945145739934
Census tract,Tract 8331,17031833100,-87.65704590,41.87907780,2732.079546824692
Census tract,Tract 8333,17031833300,-87.65412370,41.87169450,745.8953279999998
Census tract,Tract 8339,17031833900,-87.54742260,41.73103210,31.87083766055722
Census tract,Tract 8340,17031834000,-87.62943200,41.72739380,1760.580850458936
Census tract,Tract 8342,17031834200,-87.58360690,41.75556760,187.01640074513108
Census tract,Tract 8343,17031834300,-87.59178800,41.74583480,150.725207572008
Census tract,Tract 8344,17031834400,-87.59630300,41.77695040,32.86639434985126
Census tract,Tract 8345,17031834500,-87.62536180,41.78603200,399.7292885
Census tract,Tract 8346,17031834600,-87.63430570,41.78724630,3701.8678545235466
Census tract,Tract 8347,17031834700,-87.64503340,41.79069030,230.93296018629903
Census tract,Tract 8348,17031834800,-87.64508830,41.78363360,118.90990823070166
Census tract,Tract 8349,17031834900,-87.65673610,41.77229860,78.1859405708504
Census tract,Tract 8350,17031835000,-87.68604920,41.78284950,152.84583724226007
Census tract,Tract 8351,17031835100,-87.68624790,41.79015790,167.1913917882471
Census tract,Tract 8352,17031835200,-87.74528660,41.79664370,635.0118859
Census tract,Tract 8355,17031835500,-87.63253950,41.81635400,2453.0375227777777
Census tract,Tract 8356,17031835600,-87.63220160,41.80183450,4452.705273761692
Census tract,Tract 8358,17031835800,-87.61871920,41.81304620,184.1611503
Census tract,Tract 8360,17031836000,-87.61168440,41.81400360,111.6818566293028
Census tract,Tract 8361,17031836100,-87.61868260,41.79980520,179.0387815689382
Census tract,Tract 8362,17031836200,-87.60128490,41.79046930,28.93236845
Census tract,Tract 8363,17031836300,-87.60175850,41.80153240,27.91526179968499
Census tract,Tract 8364,17031836400,-87.59517610,41.81901180,651.0021729847003
Census tract,Tract 8365,17031836500,-87.59945600,41.82594630,650.7123257072037
Census tract,Tract 8366,17031836600,-87.70880590,41.89869730,112.60597304530556
Census tract,Tract 8367,17031836700,-87.70217470,41.89170410,144.59105978379685
Census tract,Tract 8368,17031836800,-87.71496660,41.88509030,78.27491891921741
Census tract,Tract 8369,17031836900,-87.70613620,41.88188310,224.1159805314802
Census tract,Tract 8370,17031837000,-87.69867390,41.87832330,1123.8125219408423
Census tract,Tract 8371,17031837100,-87.69872040,41.88567360,54.62291472748184
Census tract,Tract 8373,17031837300,-87.70555240,41.87161910,2880.220074582563
Census tract,Tract 8374,17031837400,-87.69380130,41.87597450,1552.9387329085423
Census tract,Tract 8378,17031837800,-87.68412720,41.88475040,124.12450618359536
Census tract,Tract 8380,17031838000,-87.68065210,41.87736660,1474.2804254375708
Census tract,Tract 8381,17031838100,-87.67169280,41.87867000,739.9827539303129
Census tract,Tract 8382,17031838200,-87.67512600,41.87041490,180.4643258625672
Census tract,Tract 8383,17031838300,-87.63840390,41.90156650,71.79014912011628
Census tract,Tract 8386,17031838600,-87.70082360,41.86782330,306.36463577562586
Census tract,Tract 8387,17031838700,-87.72018510,41.86257750,131.6185830080929
Census tract,Tract 8388,17031838800,-87.57406110,41.68340420,146.1326819714378
Census tract,Tract 8390,17031839000,-87.63130780,41.87148630,550.0619173102443
Census tract,Tract 8391,17031839100,-87.63307030,41.88098570,1156.8839925886568
Census tract,Tract 8392,17031839200,-87.62203620,41.84201080,572.9136471797017
Census tract,Tract 8395,17031839500,-87.61929190,41.83409750,146.4285138
Census tract,Tract 8396,17031839600,-87.61924860,41.82744280,183.5545111905148
Census tract,Tract 8397,17031839700,-87.65194880,41.83365080,49.47564569638723
Census tract,Tract 8398,17031839800,-87.64316230,41.83506740,134.3066171817312
Census tract,Tract 8399,17031839900,-87.64845400,41.82734590,104.63080185314828
Census tract,Tract 8400,17031840000,-87.63840530,41.83143690,136.8748919548817
Census tract,Tract 8401,17031840100,-87.63920300,41.84183080,1389.4824630574446
Census tract,Tract 8402,17031840200,-87.64920960,41.84464760,1746.663751
Census tract,Tract 8403,17031840300,-87.68188130,41.83209700,1107.952582992517
Census tract,Tract 8404,17031840400,-87.66716160,41.83392640,701.9259945102107
Census tract,Tract 8407,17031840700,-87.69426660,41.85293020,145.3251536618718
Census tract,Tract 8408,17031840800,-87.70737100,41.84083290,153.49986976368547
Census tract,Tract 8410,17031841000,-87.61019830,41.84754440,2385.930519
Census tract,Tract 8411,17031841100,-87.63566120,41.85164380,1909.671885120256
Census tract,Tract 8412,17031841200,-87.68334200,41.85556180,201.6596208018161
Census tract,Tract 8413,17031841300,-87.68420250,41.84397740,231.03968605379825
Census tract,Tract 8415,17031841500,-87.70791320,41.86162240,148.50157780963153
Census tract,Tract 8417,17031841700,-87.70418190,41.85313020,250.5072464
Census tract,Tract 8418,17031841800,-87.59942030,41.76630630,89.92086890074877
Census tract,Tract 8419,17031841900,-87.64296480,41.86845780,4995.571618804769
Census tract,Tract 8420,17031842000,-87.62517020,41.83496000,240.09740541583008
Census tract,Tract 8421,17031842100,-87.73361030,41.89527850,114.15485801472632
Census tract,Tract 8422,17031842200,-87.64921990,41.90472790,239.954591
Census tract,Tract 8423,17031842300,-87.66063980,41.90972360,5086.126375635307
Census tract,Tract 8424,17031842400,-87.63007060,41.74242580,1233.7003695866492
Census tract,Tract 8425,17031842500,-87.62321570,41.77695060,1075.283865
Census tract,Tract 8426,17031842600,-87.65169510,41.81621860,176.71438353971732
Census tract,Tract 8428,17031842800,-87.69830440,41.80753390,196.97034988484748
Census tract,Tract 8429,17031842900,-87.67293710,41.86313890,144.4247339
Census tract,Tract 8430,17031843000,-87.72274890,41.86793650,240.57251931666664
Census tract,Tract 8431,17031843100,-87.69945290,41.86260170,204.0669427737264
Census tract,Tract 8432,17031843200,-87.66421690,41.84871530,416.2878749578696
Census tract,Tract 8433,17031843300,-87.69255030,41.86376380,138.5034421
Census tract,Tract 8434,17031843400,-87.73202180,41.84932740,255.2309118
Census tract,Tract 8435,17031843500,-87.69756610,41.84098340,77.18006022999998
Census tract,Tract 8436,17031843600,-87.60894880,41.80676530,97.20164400046288
Census tract,Tract 8437,17031843700,-87.69003400,41.94556040,456.0461518807783
Census tract,Tract 8438,17031843800,-87.64047560,41.80165660,167.1768387181
Census tract,Tract 8439,17031843900,-87.57613030,41.77899320,172.68352140525369
Census tract,Tract 8446,17031844600,-87.62544370,41.81338520,568.2332762
Census tract,Tract 8447,17031844700,-87.71170020,41.85414730,149.13951575546542
Census tract,Tract 9801,17031980100,-87.75090010,41.78598130,378.4059136
Census tract,Tract 8400,17043840000,-87.93440530,41.96865060,274.76803924631395
Census tract,Tract 8408.01,17043840801,-87.93161770,41.95179610,117.60172803887828
